Resamples:,0,1,2,3,4,5,6,7,8,9,10,11,12,13,14,15,16,17,18,19,20,21,22,23,24,25,26,27,28,29
ACSF1TruncStart,0.75,0.63,0.6,0.65,0.66,0.61,0.6,0.65,0.61,0.62,0.61,0.64,0.75,0.64,0.58,0.66,0.6,0.66,0.61,0.63,0.67,0.64,0.64,0.68,0.67,0.68,0.59,0.57,0.65,0.62
AdiacTruncEnd,0.7084398976982097,0.6470588235294118,0.659846547314578,0.618925831202046,0.6419437340153452,0.6419437340153452,0.6342710997442456,0.629156010230179,0.649616368286445,0.6240409207161125,0.6368286445012787,0.6265984654731458,0.6419437340153452,0.6368286445012787,0.649616368286445,0.6777493606138107,0.6751918158567775,0.6317135549872123,0.6240409207161125,0.6675191815856778,0.659846547314578,0.6828644501278772,0.6470588235294118,0.6317135549872123,0.6956521739130435,0.639386189258312,0.6010230179028133,0.670076726342711,0.618925831202046,0.6547314578005116
ArrowHeadTruncEnd,0.7028571428571428,0.6057142857142858,0.5942857142857143,0.6228571428571429,0.64,0.7028571428571428,0.5942857142857143,0.6742857142857143,0.6628571428571428,0.5828571428571429,0.7142857142857143,0.6971428571428572,0.68,0.6685714285714286,0.6171428571428571,0.7028571428571428,0.6971428571428572,0.6228571428571429,0.6514285714285715,0.6457142857142857,0.6,0.6171428571428571,0.6342857142857142,0.7028571428571428,0.6114285714285714,0.6057142857142858,0.64,0.6971428571428572,0.5828571428571429,0.64
BMETruncEnd,0.6933333333333334,0.7466666666666667,0.6133333333333333,0.6866666666666666,0.6533333333333333,0.7333333333333333,0.7,0.6333333333333333,0.6933333333333334,0.6733333333333333,0.6466666666666666,0.6733333333333333,0.66,0.6533333333333333,0.8333333333333334,0.6866666666666666,0.68,0.74,0.64,0.72,0.64,0.7533333333333333,0.68,0.6466666666666666,0.6066666666666667,0.6866666666666666,0.7266666666666667,0.6533333333333333,0.7266666666666667,0.6066666666666667
BeefTruncStart,0.3,0.3333333333333333,0.4,0.3333333333333333,0.43333333333333335,0.43333333333333335,0.2,0.26666666666666666,0.13333333333333333,0.2,0.1,0.3333333333333333,0.2,0.2,0.16666666666666666,0.3333333333333333,0.23333333333333334,0.23333333333333334,0.26666666666666666,0.2,0.2,0.23333333333333334,0.2,0.3333333333333333,0.3,0.3,0.3333333333333333,0.13333333333333333,0.16666666666666666,0.36666666666666664
BeetleFlyTruncEnd,0.7,0.6,0.7,0.7,0.95,0.75,0.7,0.75,0.7,0.75,0.7,0.75,0.8,0.55,0.75,0.8,0.75,0.75,0.6,0.85,0.7,0.7,0.7,0.85,0.65,0.75,0.8,0.85,0.8,0.75
BirdChickenTruncEnd,0.75,0.7,0.75,0.8,0.55,0.45,0.75,0.65,0.65,0.7,0.65,0.85,0.85,0.8,0.65,0.8,0.65,0.7,0.7,0.75,0.75,0.7,0.75,0.65,0.75,0.9,0.8,0.6,0.8,0.75
CBFTruncEnd,0.66,0.5822222222222222,0.6722222222222223,0.4922222222222222,0.5511111111111111,0.4766666666666667,0.49777777777777776,0.6711111111111111,0.57,0.5177777777777778,0.5577777777777778,0.6133333333333333,0.6322222222222222,0.47333333333333333,0.5633333333333334,0.40444444444444444,0.5011111111111111,0.6066666666666667,0.41444444444444445,0.66,0.6311111111111111,0.5444444444444444,0.5055555555555555,0.6211111111111111,0.5655555555555556,0.4766666666666667,0.4255555555555556,0.5544444444444444,0.4411111111111111,0.48444444444444446
CarTruncEnd,0.5833333333333334,0.7166666666666667,0.6166666666666667,0.7166666666666667,0.6833333333333333,0.6333333333333333,0.7166666666666667,0.7666666666666667,0.6333333333333333,0.7166666666666667,0.7833333333333333,0.7166666666666667,0.6666666666666666,0.8166666666666667,0.7166666666666667,0.7,0.7833333333333333,0.75,0.6666666666666666,0.6666666666666666,0.6833333333333333,0.7833333333333333,0.7333333333333333,0.7166666666666667,0.6666666666666666,0.7,0.65,0.6833333333333333,0.6666666666666666,0.6666666666666666
ChlorineConcentrationTruncStart,0.5083333333333333,0.5177083333333333,0.53671875,0.5296875,0.5013020833333334,0.5294270833333333,0.5346354166666667,0.53515625,0.5223958333333333,0.53046875,0.5161458333333333,0.5361979166666667,0.53125,0.5388020833333333,0.5002604166666667,0.5307291666666667,0.525,0.5346354166666667,0.5302083333333333,0.52734375,0.5380208333333333,0.5283854166666667,0.5361979166666667,0.5174479166666667,0.5408854166666667,0.5130208333333334,0.5432291666666667,0.53125,0.5140625,0.5354166666666667
CinCECGTorsoTruncEnd,0.9521739130434783,0.9492753623188406,0.9108695652173913,0.9050724637681159,0.8789855072463768,0.8898550724637682,0.9007246376811594,0.9536231884057971,0.9050724637681159,0.9181159420289855,0.9297101449275362,0.922463768115942,0.8572463768115942,0.9427536231884058,0.9057971014492754,0.9384057971014492,0.8543478260869565,0.9021739130434783,0.9014492753623189,0.8985507246376812,0.8521739130434782,0.9239130434782609,0.9239130434782609,0.9521739130434783,0.8514492753623188,0.9115942028985508,0.8753623188405797,0.9014492753623189,0.8536231884057971,0.8956521739130435
CoffeeTruncStart,0.5714285714285714,0.5714285714285714,0.5357142857142857,0.6071428571428571,0.5357142857142857,0.6785714285714286,0.6428571428571429,0.5714285714285714,0.6428571428571429,0.6071428571428571,0.6071428571428571,0.6428571428571429,0.6071428571428571,0.8214285714285714,0.5714285714285714,0.8214285714285714,0.75,0.6071428571428571,0.6071428571428571,0.5357142857142857,0.6428571428571429,0.6071428571428571,0.7142857142857143,0.75,0.6071428571428571,0.75,0.5357142857142857,0.75,0.5,0.42857142857142855
ComputersTruncStart,0.656,0.74,0.756,0.716,0.724,0.736,0.72,0.696,0.74,0.732,0.74,0.736,0.728,0.708,0.736,0.744,0.712,0.724,0.784,0.744,0.752,0.72,0.712,0.736,0.708,0.784,0.732,0.752,0.676,0.692
CricketXTruncEnd,0.4,0.40512820512820513,0.4025641025641026,0.38461538461538464,0.43333333333333335,0.4358974358974359,0.4307692307692308,0.38974358974358975,0.39487179487179486,0.3717948717948718,0.41025641025641024,0.4358974358974359,0.4076923076923077,0.4025641025641026,0.4025641025641026,0.38974358974358975,0.3769230769230769,0.3974358974358974,0.3974358974358974,0.4,0.3871794871794872,0.441025641025641,0.4,0.358974358974359,0.4282051282051282,0.39487179487179486,0.382051282051282,0.3871794871794872,0.4,0.3564102564102564
CricketYTruncEnd,0.4256410256410256,0.4128205128205128,0.41794871794871796,0.441025641025641,0.4717948717948718,0.45384615384615384,0.45897435897435895,0.4153846153846154,0.4128205128205128,0.48205128205128206,0.47692307692307695,0.4794871794871795,0.43846153846153846,0.47692307692307695,0.4307692307692308,0.4512820512820513,0.4307692307692308,0.4666666666666667,0.4948717948717949,0.441025641025641,0.4461538461538462,0.4256410256410256,0.47435897435897434,0.4256410256410256,0.4717948717948718,0.44358974358974357,0.44871794871794873,0.4230769230769231,0.44358974358974357,0.4307692307692308
CricketZTruncEnd,0.41025641025641024,0.4,0.4307692307692308,0.4205128205128205,0.4153846153846154,0.36923076923076925,0.4205128205128205,0.4025641025641026,0.3974358974358974,0.4153846153846154,0.4,0.4282051282051282,0.41025641025641024,0.4025641025641026,0.3871794871794872,0.40512820512820513,0.4128205128205128,0.3974358974358974,0.3974358974358974,0.41025641025641024,0.4025641025641026,0.4076923076923077,0.4,0.4307692307692308,0.36666666666666664,0.36923076923076925,0.3769230769230769,0.382051282051282,0.40512820512820513,0.41025641025641024
CropTruncEnd,0.5075,0.5095833333333334,0.5102380952380953,0.5118452380952381,0.5095833333333334,0.5105357142857143,0.5156547619047619,0.509702380952381,0.5124404761904762,0.5124404761904762,0.5102380952380953,0.5126190476190476,0.5105952380952381,0.5048214285714285,0.5089285714285714,0.5105357142857143,0.508452380952381,0.5086904761904761,0.5123214285714286,0.5105357142857143,0.50875,0.5119047619047619,0.5058333333333334,0.5075,0.5129166666666667,0.5093452380952381,0.5105952380952381,0.5123809523809524,0.5082738095238095,0.5155357142857143
DiatomSizeReductionTruncEnd,0.7156862745098039,0.8169934640522876,0.803921568627451,0.7352941176470589,0.8790849673202614,0.803921568627451,0.7875816993464052,0.8366013071895425,0.8758169934640523,0.8366013071895425,0.8627450980392157,0.8856209150326797,0.8725490196078431,0.869281045751634,0.8333333333333334,0.8235294117647058,0.8594771241830066,0.7287581699346405,0.869281045751634,0.8366013071895425,0.8104575163398693,0.8790849673202614,0.7581699346405228,0.8562091503267973,0.8529411764705882,0.8366013071895425,0.7908496732026143,0.8594771241830066,0.7973856209150327,0.7679738562091504
DistalPhalanxOutlineAgeGroupTruncStart,0.5755395683453237,0.5323741007194245,0.60431654676259,0.5611510791366906,0.5755395683453237,0.5323741007194245,0.5467625899280576,0.539568345323741,0.5035971223021583,0.5683453237410072,0.539568345323741,0.6258992805755396,0.5323741007194245,0.5827338129496403,0.5683453237410072,0.5683453237410072,0.5683453237410072,0.6115107913669064,0.5611510791366906,0.5827338129496403,0.6402877697841727,0.5755395683453237,0.5899280575539568,0.6115107913669064,0.5539568345323741,0.5611510791366906,0.5539568345323741,0.5539568345323741,0.5899280575539568,0.60431654676259
DistalPhalanxOutlineCorrectTruncStart,0.572463768115942,0.644927536231884,0.6304347826086957,0.6485507246376812,0.6159420289855072,0.605072463768116,0.6521739130434783,0.6086956521739131,0.6268115942028986,0.6376811594202898,0.6376811594202898,0.6413043478260869,0.6159420289855072,0.6304347826086957,0.6159420289855072,0.6739130434782609,0.605072463768116,0.6195652173913043,0.6557971014492754,0.6231884057971014,0.6340579710144928,0.6231884057971014,0.6231884057971014,0.6485507246376812,0.6304347826086957,0.6594202898550725,0.6594202898550725,0.6557971014492754,0.6268115942028986,0.6231884057971014
DistalPhalanxTWTruncStart,0.38848920863309355,0.4028776978417266,0.4316546762589928,0.4028776978417266,0.38848920863309355,0.41007194244604317,0.4244604316546763,0.4316546762589928,0.39568345323741005,0.4244604316546763,0.34532374100719426,0.4460431654676259,0.4172661870503597,0.37410071942446044,0.4028776978417266,0.39568345323741005,0.4172661870503597,0.41007194244604317,0.4028776978417266,0.4244604316546763,0.35251798561151076,0.38848920863309355,0.4244604316546763,0.4028776978417266,0.4244604316546763,0.4028776978417266,0.37410071942446044,0.41007194244604317,0.41007194244604317,0.39568345323741005
ECG200TruncEnd,0.83,0.87,0.79,0.73,0.86,0.82,0.82,0.84,0.81,0.86,0.82,0.87,0.84,0.89,0.85,0.83,0.82,0.83,0.83,0.85,0.84,0.82,0.82,0.82,0.84,0.84,0.8,0.84,0.84,0.84
ECG5000TruncStart,0.7755555555555556,0.7875555555555556,0.7868888888888889,0.7857777777777778,0.7804444444444445,0.778,0.7755555555555556,0.7886666666666666,0.7731111111111111,0.7808888888888889,0.7871111111111111,0.7664444444444445,0.7844444444444445,0.7924444444444444,0.7842222222222223,0.7906666666666666,0.7944444444444444,0.7773333333333333,0.7771111111111111,0.7828888888888889,0.7682222222222223,0.7802222222222223,0.76,0.7742222222222223,0.7726666666666666,0.7862222222222223,0.7951111111111111,0.784,0.7917777777777778,0.786
ECGFiveDaysTruncStart,0.4994192799070848,0.5447154471544715,0.5354239256678281,0.5679442508710801,0.5644599303135889,0.5423925667828107,0.5563298490127758,0.5319396051103368,0.5365853658536586,0.5238095238095238,0.537746806039489,0.5830429732868757,0.454123112659698,0.5075493612078978,0.49477351916376305,0.5168408826945412,0.5481997677119629,0.5331010452961672,0.49825783972125437,0.5342624854819977,0.5481997677119629,0.5389082462253194,0.5574912891986062,0.46689895470383275,0.5598141695702671,0.5516840882694541,0.5807200929152149,0.5238095238095238,0.5632984901277585,0.5516840882694541
EOGHorizontalSignalTruncEnd,0.13535911602209943,0.09668508287292818,0.11878453038674033,0.13812154696132597,0.13535911602209943,0.11878453038674033,0.11878453038674033,0.13535911602209943,0.12430939226519337,0.12154696132596685,0.10497237569060773,0.11878453038674033,0.14917127071823205,0.13535911602209943,0.1270718232044199,0.12430939226519337,0.11049723756906077,0.10497237569060773,0.11602209944751381,0.10773480662983426,0.13259668508287292,0.1298342541436464,0.10497237569060773,0.12430939226519337,0.11049723756906077,0.09116022099447514,0.1298342541436464,0.09944751381215469,0.13812154696132597,0.10497237569060773
EOGVerticalSignalTruncEnd,0.09116022099447514,0.10220994475138122,0.09392265193370165,0.10497237569060773,0.09944751381215469,0.0856353591160221,0.09392265193370165,0.10497237569060773,0.0856353591160221,0.0856353591160221,0.07458563535911603,0.09392265193370165,0.09392265193370165,0.10220994475138122,0.07734806629834254,0.0856353591160221,0.08839779005524862,0.08839779005524862,0.07458563535911603,0.10773480662983426,0.0718232044198895,0.08839779005524862,0.09668508287292818,0.12154696132596685,0.0856353591160221,0.07458563535911603,0.06629834254143646,0.08011049723756906,0.08287292817679558,0.07734806629834254
EarthquakesTruncStart,0.7482014388489209,0.7410071942446043,0.7482014388489209,0.7482014388489209,0.7482014388489209,0.7482014388489209,0.7482014388489209,0.7482014388489209,0.7410071942446043,0.7482014388489209,0.7482014388489209,0.7410071942446043,0.7482014388489209,0.7553956834532374,0.7482014388489209,0.7553956834532374,0.762589928057554,0.7482014388489209,0.7482014388489209,0.7410071942446043,0.7482014388489209,0.7482014388489209,0.7410071942446043,0.7482014388489209,0.7482014388489209,0.7482014388489209,0.7482014388489209,0.7553956834532374,0.7482014388489209,0.7553956834532374
ElectricDevicesTruncStart,0.4618078070289197,0.5785241862274673,0.5800804046167812,0.5799507197510051,0.58384126572429,0.5824147322007521,0.5825444170665284,0.5863052781740371,0.5890286603553365,0.5825444170665284,0.588639605758008,0.5839709505900661,0.5843600051873946,0.5856568538451563,0.5825444170665284,0.5786538710932434,0.5763195435092725,0.5869537025029179,0.5780054467643626,0.5790429256905719,0.5847490597847231,0.5857865387109324,0.5790429256905719,0.5721696278044353,0.5809881986772144,0.5773570224354818,0.5876021268317987,0.5737258461937492,0.5821553624691999,0.5837115808585138
EthanolLevelTruncEnd,0.402,0.464,0.474,0.47,0.522,0.504,0.492,0.502,0.514,0.496,0.484,0.474,0.5,0.488,0.496,0.478,0.504,0.49,0.504,0.5,0.466,0.492,0.53,0.528,0.512,0.486,0.492,0.496,0.464,0.456
FaceAllTruncEnd,0.7337278106508875,0.7840236686390533,0.7550295857988165,0.7810650887573964,0.7976331360946746,0.7733727810650888,0.7763313609467456,0.7952662721893491,0.7739644970414201,0.7940828402366864,0.7911242603550296,0.7727810650887574,0.778698224852071,0.7822485207100591,0.7994082840236686,0.7668639053254438,0.8017751479289941,0.7668639053254438,0.7769230769230769,0.7917159763313609,0.7840236686390533,0.7656804733727811,0.7928994082840237,0.7781065088757396,0.7745562130177515,0.8005917159763314,0.755621301775148,0.7674556213017751,0.755621301775148,0.7562130177514793
FaceFourTruncEnd,0.6477272727272727,0.8295454545454546,0.6704545454545454,0.7840909090909091,0.6818181818181818,0.7727272727272727,0.8863636363636364,0.875,0.8522727272727273,0.7727272727272727,0.7840909090909091,0.6818181818181818,0.7840909090909091,0.8181818181818182,0.7954545454545454,0.7272727272727273,0.8522727272727273,0.6818181818181818,0.8636363636363636,0.7386363636363636,0.7272727272727273,0.7840909090909091,0.7159090909090909,0.9090909090909091,0.625,0.7272727272727273,0.8295454545454546,0.75,0.8522727272727273,0.7045454545454546
FacesUCRTruncStart,0.22439024390243903,0.2346341463414634,0.22048780487804878,0.2634146341463415,0.24292682926829268,0.23317073170731709,0.24048780487804877,0.23658536585365852,0.23073170731707318,0.21707317073170732,0.24097560975609755,0.22634146341463415,0.23853658536585365,0.23219512195121952,0.1975609756097561,0.23121951219512196,0.2395121951219512,0.24341463414634146,0.23219512195121952,0.22341463414634147,0.23902439024390243,0.2502439024390244,0.2424390243902439,0.2575609756097561,0.2346341463414634,0.24048780487804877,0.21414634146341463,0.2521951219512195,0.24780487804878049,0.24390243902439024
FiftyWordsTruncEnd,0.3758241758241758,0.34505494505494505,0.3868131868131868,0.3978021978021978,0.4043956043956044,0.37362637362637363,0.3956043956043956,0.41098901098901097,0.41318681318681316,0.3868131868131868,0.37142857142857144,0.35824175824175825,0.3802197802197802,0.4,0.3912087912087912,0.4087912087912088,0.36923076923076925,0.38461538461538464,0.389010989010989,0.4,0.367032967032967,0.3516483516483517,0.34725274725274724,0.3934065934065934,0.35824175824175825,0.4087912087912088,0.3956043956043956,0.4043956043956044,0.42637362637362636,0.389010989010989
FishTruncEnd,0.8171428571428572,0.8228571428571428,0.7714285714285715,0.8057142857142857,0.7942857142857143,0.8,0.8342857142857143,0.8228571428571428,0.7828571428571428,0.8285714285714286,0.76,0.7771428571428571,0.8114285714285714,0.7714285714285715,0.7771428571428571,0.7942857142857143,0.8114285714285714,0.8514285714285714,0.7942857142857143,0.8,0.8171428571428572,0.8342857142857143,0.8,0.7942857142857143,0.7657142857142857,0.7885714285714286,0.7714285714285715,0.8,0.7542857142857143,0.7714285714285715
FordATruncEnd,0.8265151515151515,0.8333333333333334,0.831060606060606,0.8204545454545454,0.8166666666666667,0.8265151515151515,0.8212121212121212,0.8166666666666667,0.8113636363636364,0.8295454545454546,0.8416666666666667,0.8371212121212122,0.8303030303030303,0.8196969696969697,0.8333333333333334,0.8303030303030303,0.8363636363636363,0.8204545454545454,0.8272727272727273,0.8265151515151515,0.8242424242424242,0.8174242424242424,0.8196969696969697,0.8431818181818181,0.8401515151515152,0.818939393939394,0.8265151515151515,0.8295454545454546,0.8287878787878787,0.8227272727272728
FordBTruncStart,0.6839506172839506,0.8111111111111111,0.8037037037037037,0.8395061728395061,0.8135802469135802,0.8382716049382716,0.8345679012345679,0.8246913580246914,0.837037037037037,0.8271604938271605,0.7950617283950617,0.825925925925926,0.8135802469135802,0.8185185185185185,0.8333333333333334,0.8160493827160494,0.8246913580246914,0.8111111111111111,0.8185185185185185,0.8209876543209876,0.808641975308642,0.825925925925926,0.8246913580246914,0.8395061728395061,0.825925925925926,0.8246913580246914,0.8419753086419753,0.8296296296296296,0.8185185185185185,0.8271604938271605
FreezerRegularTrainTruncEnd,0.988421052631579,0.9968421052631579,0.9789473684210527,0.9712280701754386,0.9856140350877193,0.9943859649122807,0.9950877192982456,0.9757894736842105,0.9768421052631578,0.9926315789473684,0.9873684210526316,0.9929824561403509,0.9887719298245614,0.991578947368421,0.9950877192982456,0.996140350877193,0.9789473684210527,0.992280701754386,0.9954385964912281,0.9954385964912281,0.9936842105263158,0.9814035087719298,0.9954385964912281,0.9796491228070175,0.9971929824561403,0.9792982456140351,0.9852631578947368,0.987719298245614,0.9919298245614036,0.9785964912280701
FreezerSmallTrainTruncEnd,0.9796491228070175,0.9733333333333334,0.9635087719298245,0.9291228070175439,0.9933333333333333,0.9733333333333334,0.9810526315789474,0.9652631578947368,0.9459649122807018,0.9435087719298245,0.9473684210526315,0.9642105263157895,0.9810526315789474,0.988421052631579,0.9859649122807017,0.9852631578947368,0.9905263157894737,0.9796491228070175,0.9449122807017544,0.9859649122807017,0.9701754385964912,0.9894736842105263,0.9666666666666667,0.9687719298245614,0.9814035087719298,0.9698245614035088,0.9371929824561404,0.9494736842105264,0.980701754385965,0.9912280701754386
GunPointAgeSpanTruncEnd,0.8639240506329114,0.8512658227848101,0.8607594936708861,0.8544303797468354,0.8417721518987342,0.870253164556962,0.8860759493670886,0.8322784810126582,0.8860759493670886,0.8417721518987342,0.8924050632911392,0.879746835443038,0.8132911392405063,0.8607594936708861,0.8512658227848101,0.8607594936708861,0.8670886075949367,0.8449367088607594,0.8417721518987342,0.8259493670886076,0.819620253164557,0.8829113924050633,0.8354430379746836,0.8734177215189873,0.8860759493670886,0.9018987341772152,0.8765822784810127,0.8481012658227848,0.8512658227848101,0.8575949367088608
GunPointMaleVersusFemaleTruncEnd,0.8481012658227848,0.8734177215189873,0.8544303797468354,0.8354430379746836,0.9113924050632911,0.8639240506329114,0.8892405063291139,0.8164556962025317,0.819620253164557,0.8544303797468354,0.810126582278481,0.8227848101265823,0.8892405063291139,0.8512658227848101,0.8449367088607594,0.8227848101265823,0.8512658227848101,0.8259493670886076,0.8892405063291139,0.8575949367088608,0.8322784810126582,0.8829113924050633,0.8354430379746836,0.8544303797468354,0.8164556962025317,0.8354430379746836,0.8291139240506329,0.870253164556962,0.8417721518987342,0.8322784810126582
GunPointOldVersusYoungTruncEnd,0.926984126984127,0.9333333333333333,0.9015873015873016,0.9047619047619048,0.8825396825396825,0.8920634920634921,0.9079365079365079,0.9555555555555556,0.9111111111111111,0.9238095238095239,0.9206349206349206,0.8793650793650793,0.9015873015873016,0.8952380952380953,0.9301587301587302,0.9650793650793651,0.8984126984126984,0.9238095238095239,0.926984126984127,0.9111111111111111,0.9396825396825397,0.9301587301587302,0.926984126984127,0.9523809523809523,0.9015873015873016,0.9428571428571428,0.8984126984126984,0.926984126984127,0.9111111111111111,0.9682539682539683
GunPointTruncEnd,0.7466666666666667,0.6866666666666666,0.7266666666666667,0.6866666666666666,0.7466666666666667,0.74,0.68,0.74,0.6733333333333333,0.6866666666666666,0.7,0.6866666666666666,0.7,0.64,0.7066666666666667,0.7133333333333334,0.6466666666666666,0.6533333333333333,0.78,0.7266666666666667,0.7466666666666667,0.7266666666666667,0.78,0.7133333333333334,0.7133333333333334,0.72,0.6933333333333334,0.7266666666666667,0.72,0.7066666666666667
HamTruncStart,0.5238095238095238,0.6095238095238096,0.49523809523809526,0.5047619047619047,0.580952380952381,0.580952380952381,0.5714285714285714,0.49523809523809526,0.5523809523809524,0.580952380952381,0.5428571428571428,0.6285714285714286,0.5238095238095238,0.5047619047619047,0.5619047619047619,0.5428571428571428,0.5428571428571428,0.45714285714285713,0.6095238095238096,0.5428571428571428,0.5428571428571428,0.5142857142857142,0.580952380952381,0.5047619047619047,0.638095238095238,0.6571428571428571,0.5904761904761905,0.5619047619047619,0.5428571428571428,0.5714285714285714
HandOutlinesTruncEnd,0.8,0.8729729729729729,0.8864864864864865,0.8540540540540541,0.8540540540540541,0.8891891891891892,0.8702702702702703,0.8594594594594595,0.8486486486486486,0.8486486486486486,0.8621621621621621,0.8810810810810811,0.8513513513513513,0.8756756756756757,0.8675675675675676,0.8621621621621621,0.8783783783783784,0.8486486486486486,0.8513513513513513,0.8567567567567568,0.8675675675675676,0.8729729729729729,0.8702702702702703,0.8648648648648649,0.8864864864864865,0.8783783783783784,0.8621621621621621,0.8621621621621621,0.8675675675675676,0.8756756756756757
HapticsTruncStart,0.30194805194805197,0.2857142857142857,0.2987012987012987,0.30844155844155846,0.2857142857142857,0.29545454545454547,0.3246753246753247,0.3344155844155844,0.2662337662337662,0.2857142857142857,0.3116883116883117,0.2694805194805195,0.2987012987012987,0.288961038961039,0.32792207792207795,0.29545454545454547,0.32142857142857145,0.3051948051948052,0.3181818181818182,0.2792207792207792,0.2857142857142857,0.2857142857142857,0.29545454545454547,0.288961038961039,0.2824675324675325,0.2694805194805195,0.275974025974026,0.32142857142857145,0.30844155844155846,0.31493506493506496
HerringTruncEnd,0.65625,0.609375,0.625,0.625,0.578125,0.625,0.6875,0.625,0.53125,0.640625,0.625,0.609375,0.6875,0.609375,0.640625,0.625,0.578125,0.6875,0.703125,0.671875,0.6875,0.71875,0.671875,0.59375,0.65625,0.625,0.609375,0.671875,0.625,0.6875
HouseTwentyTruncEnd,0.9159663865546218,0.9159663865546218,0.8991596638655462,0.8487394957983193,0.907563025210084,0.8823529411764706,0.907563025210084,0.9159663865546218,0.9243697478991597,0.907563025210084,0.8739495798319328,0.9411764705882353,0.9495798319327731,0.9159663865546218,0.8823529411764706,0.9159663865546218,0.9411764705882353,0.9327731092436975,0.907563025210084,0.8739495798319328,0.907563025210084,0.9243697478991597,0.8823529411764706,0.8319327731092437,0.9411764705882353,0.8991596638655462,0.907563025210084,0.8487394957983193,0.9159663865546218,0.9327731092436975
InlineSkateTruncEnd,0.28545454545454546,0.3109090909090909,0.2927272727272727,0.28909090909090907,0.27454545454545454,0.27454545454545454,0.27454545454545454,0.26,0.2581818181818182,0.29454545454545455,0.2927272727272727,0.3145454545454546,0.29454545454545455,0.26181818181818184,0.2781818181818182,0.28909090909090907,0.27090909090909093,0.2781818181818182,0.3,0.2727272727272727,0.28363636363636363,0.2509090909090909,0.26181818181818184,0.2727272727272727,0.29818181818181816,0.26545454545454544,0.26181818181818184,0.24181818181818182,0.28363636363636363,0.2909090909090909
InsectEPGRegularTrainTruncEnd,0.8955823293172691,0.8634538152610441,0.8634538152610441,0.8433734939759037,0.891566265060241,0.8714859437751004,0.8995983935742972,0.8835341365461847,0.8634538152610441,0.8674698795180723,0.8674698795180723,0.8835341365461847,0.8594377510040161,0.8514056224899599,0.8273092369477911,0.8634538152610441,0.8594377510040161,0.8755020080321285,0.8634538152610441,0.891566265060241,0.8353413654618473,0.8714859437751004,0.8353413654618473,0.8473895582329317,0.9076305220883534,0.8755020080321285,0.8795180722891566,0.8755020080321285,0.8473895582329317,0.8634538152610441
InsectEPGSmallTrainTruncEnd,0.7670682730923695,0.7791164658634538,0.8112449799196787,0.8072289156626506,0.8072289156626506,0.7630522088353414,0.7550200803212851,0.8353413654618473,0.7791164658634538,0.7469879518072289,0.7670682730923695,0.8273092369477911,0.7751004016064257,0.7670682730923695,0.7349397590361446,0.8393574297188755,0.7309236947791165,0.7791164658634538,0.7550200803212851,0.8232931726907631,0.7911646586345381,0.7670682730923695,0.7630522088353414,0.7349397590361446,0.7911646586345381,0.7550200803212851,0.7871485943775101,0.6907630522088354,0.8393574297188755,0.7389558232931727
InsectWingbeatSoundTruncEnd,0.5045454545454545,0.4863636363636364,0.5272727272727272,0.5136363636363637,0.5070707070707071,0.5111111111111111,0.5080808080808081,0.4868686868686869,0.5025252525252525,0.4984848484848485,0.5378787878787878,0.5227272727272727,0.5368686868686868,0.5075757575757576,0.4808080808080808,0.5005050505050505,0.5151515151515151,0.5111111111111111,0.4898989898989899,0.5186868686868686,0.5161616161616162,0.49696969696969695,0.5247474747474747,0.5217171717171717,0.4919191919191919,0.48484848484848486,0.5252525252525253,0.5303030303030303,0.49747474747474746,0.4898989898989899
LargeKitchenAppliancesTruncStart,0.4666666666666667,0.464,0.448,0.44,0.44,0.4693333333333333,0.4746666666666667,0.4533333333333333,0.464,0.488,0.4826666666666667,0.472,0.43733333333333335,0.44,0.488,0.4826666666666667,0.44266666666666665,0.48533333333333334,0.472,0.456,0.47733333333333333,0.45866666666666667,0.48533333333333334,0.44,0.4693333333333333,0.44,0.44533333333333336,0.456,0.432,0.432
Lightning2TruncStart,0.5081967213114754,0.4918032786885246,0.5245901639344263,0.4918032786885246,0.4918032786885246,0.5245901639344263,0.4918032786885246,0.45901639344262296,0.5081967213114754,0.5409836065573771,0.5081967213114754,0.5573770491803278,0.5409836065573771,0.5409836065573771,0.5737704918032787,0.5409836065573771,0.5245901639344263,0.5409836065573771,0.5081967213114754,0.47540983606557374,0.5573770491803278,0.5409836065573771,0.3770491803278688,0.5737704918032787,0.4918032786885246,0.4098360655737705,0.4918032786885246,0.5081967213114754,0.4918032786885246,0.5409836065573771
Lightning7TruncStart,0.273972602739726,0.2054794520547945,0.2602739726027397,0.2465753424657534,0.2876712328767123,0.273972602739726,0.2054794520547945,0.2191780821917808,0.1643835616438356,0.2465753424657534,0.2054794520547945,0.2191780821917808,0.3287671232876712,0.3150684931506849,0.1917808219178082,0.2602739726027397,0.2876712328767123,0.3150684931506849,0.1917808219178082,0.2054794520547945,0.2328767123287671,0.2328767123287671,0.2602739726027397,0.2328767123287671,0.2328767123287671,0.2465753424657534,0.2602739726027397,0.2054794520547945,0.3150684931506849,0.2602739726027397
MallatTruncStart,0.3326226012793177,0.24946695095948826,0.35394456289978676,0.30831556503198293,0.29808102345415777,0.3786780383795309,0.3049040511727079,0.3270788912579957,0.28272921108742005,0.2511727078891258,0.3650319829424307,0.3326226012793177,0.2997867803837953,0.31257995735607674,0.3053304904051173,0.31684434968017056,0.28528784648187633,0.3215351812366738,0.2605543710021322,0.3130063965884861,0.2724946695095949,0.2886993603411514,0.3108742004264392,0.31684434968017056,0.3611940298507463,0.27505330490405117,0.33134328358208953,0.31684434968017056,0.2669509594882729,0.31769722814498935
MeatTruncStart,0.5333333333333333,0.5666666666666667,0.6333333333333333,0.5833333333333334,0.6333333333333333,0.6,0.65,0.65,0.65,0.6666666666666666,0.5333333333333333,0.6666666666666666,0.6666666666666666,0.6166666666666667,0.5333333333333333,0.5666666666666667,0.5666666666666667,0.48333333333333334,0.6166666666666667,0.65,0.5666666666666667,0.6666666666666666,0.6,0.48333333333333334,0.55,0.6333333333333333,0.6833333333333333,0.6166666666666667,0.6,0.6666666666666666
MedicalImagesTruncEnd,0.6631578947368421,0.7039473684210527,0.6631578947368421,0.6605263157894737,0.6644736842105263,0.7,0.6736842105263158,0.6671052631578948,0.6815789473684211,0.65,0.6605263157894737,0.6894736842105263,0.6789473684210526,0.6723684210526316,0.6460526315789473,0.6921052631578948,0.6697368421052632,0.6671052631578948,0.6947368421052632,0.6592105263157895,0.6776315789473685,0.6855263157894737,0.6763157894736842,0.6671052631578948,0.6289473684210526,0.6828947368421052,0.6802631578947368,0.6776315789473685,0.6907894736842105,0.6789473684210526
MiddlePhalanxOutlineAgeGroupTruncStart,0.38961038961038963,0.43506493506493504,0.44155844155844154,0.42207792207792205,0.4805194805194805,0.3961038961038961,0.4675324675324675,0.44155844155844154,0.474025974025974,0.4675324675324675,0.37012987012987014,0.3961038961038961,0.42857142857142855,0.461038961038961,0.44155844155844154,0.37012987012987014,0.42857142857142855,0.474025974025974,0.461038961038961,0.42207792207792205,0.44805194805194803,0.461038961038961,0.5,0.42207792207792205,0.3961038961038961,0.4675324675324675,0.3961038961038961,0.43506493506493504,0.38311688311688313,0.4090909090909091
MiddlePhalanxOutlineCorrectTruncStart,0.5154639175257731,0.563573883161512,0.5773195876288659,0.5910652920962199,0.5292096219931272,0.584192439862543,0.5910652920962199,0.563573883161512,0.5807560137457045,0.5601374570446735,0.5532646048109966,0.5326460481099656,0.5292096219931272,0.5945017182130584,0.5326460481099656,0.5395189003436426,0.570446735395189,0.5773195876288659,0.5601374570446735,0.570446735395189,0.584192439862543,0.6048109965635738,0.5292096219931272,0.570446735395189,0.5532646048109966,0.5738831615120275,0.5498281786941581,0.5154639175257731,0.5807560137457045,0.563573883161512
MiddlePhalanxTWTruncStart,0.42207792207792205,0.44805194805194803,0.42857142857142855,0.44155844155844154,0.43506493506493504,0.3961038961038961,0.3961038961038961,0.37662337662337664,0.42207792207792205,0.4155844155844156,0.43506493506493504,0.45454545454545453,0.36363636363636365,0.4025974025974026,0.4155844155844156,0.44805194805194803,0.42207792207792205,0.44155844155844154,0.4090909090909091,0.44155844155844154,0.44155844155844154,0.4025974025974026,0.44155844155844154,0.38311688311688313,0.4155844155844156,0.38961038961038963,0.461038961038961,0.4025974025974026,0.42207792207792205,0.4090909090909091
MixedShapesRegularTrainTruncEnd,0.8919587628865979,0.8911340206185567,0.8989690721649485,0.9047422680412371,0.9014432989690722,0.8960824742268041,0.9059793814432989,0.9047422680412371,0.9063917525773196,0.9055670103092783,0.8956701030927835,0.9002061855670103,0.8993814432989691,0.8890721649484536,0.8931958762886598,0.9117525773195876,0.9002061855670103,0.8989690721649485,0.8964948453608247,0.8874226804123712,0.8931958762886598,0.9047422680412371,0.8960824742268041,0.8981443298969072,0.8985567010309279,0.8915463917525773,0.8894845360824742,0.8898969072164948,0.9014432989690722,0.9022680412371133
MixedShapesSmallTrainTruncEnd,0.8498969072164948,0.8849484536082475,0.8729896907216494,0.8606185567010309,0.8474226804123711,0.8684536082474227,0.8717525773195877,0.8276288659793815,0.8639175257731959,0.8498969072164948,0.8329896907216495,0.8531958762886598,0.8602061855670103,0.8441237113402061,0.8663917525773196,0.8424742268041238,0.8457731958762886,0.8684536082474227,0.8527835051546392,0.857319587628866,0.8362886597938144,0.8470103092783505,0.8597938144329897,0.8795876288659794,0.8255670103092784,0.8696907216494846,0.8305154639175257,0.8861855670103093,0.8494845360824742,0.8725773195876289
MoteStrainTruncEnd,0.8003194888178914,0.8354632587859425,0.8370607028753994,0.7492012779552716,0.6916932907348243,0.7891373801916933,0.7971246006389776,0.8514376996805112,0.8234824281150159,0.8075079872204473,0.8146964856230032,0.8346645367412141,0.8554313099041534,0.8618210862619808,0.8067092651757188,0.8761980830670927,0.847444089456869,0.7188498402555911,0.865814696485623,0.8554313099041534,0.8170926517571885,0.8586261980830671,0.854632587859425,0.8506389776357828,0.8130990415335463,0.8618210862619808,0.8410543130990416,0.8706070287539937,0.8498402555910544,0.847444089456869
NonInvasiveFetalECGThorax1TruncEnd,0.8824427480916031,0.8860050890585242,0.8697201017811704,0.8748091603053435,0.8763358778625954,0.8951653944020356,0.8727735368956743,0.8804071246819338,0.87735368956743,0.867175572519084,0.8854961832061069,0.8793893129770992,0.8829516539440203,0.8844783715012723,0.8849872773536895,0.872264631043257,0.8793893129770992,0.8783715012722646,0.8783715012722646,0.8905852417302799,0.8905852417302799,0.889058524173028,0.878880407124682,0.872264631043257,0.878880407124682,0.8900763358778626,0.8921119592875318,0.8839694656488549,0.8916030534351145,0.8768447837150127
NonInvasiveFetalECGThorax2TruncEnd,0.9073791348600508,0.9007633587786259,0.8936386768447837,0.9027989821882951,0.905852417302799,0.9053435114503817,0.9053435114503817,0.8961832061068702,0.8987277353689568,0.9027989821882951,0.9089058524173028,0.9124681933842239,0.9022900763358779,0.8982188295165394,0.9099236641221374,0.9094147582697201,0.9017811704834605,0.9083969465648855,0.9068702290076336,0.8961832061068702,0.9068702290076336,0.9007633587786259,0.9007633587786259,0.899236641221374,0.899236641221374,0.9027989821882951,0.9114503816793893,0.9022900763358779,0.9002544529262086,0.9048346055979644
OSULeafTruncStart,0.5743801652892562,0.5702479338842975,0.5619834710743802,0.6115702479338843,0.6157024793388429,0.5826446280991735,0.5826446280991735,0.5330578512396694,0.5371900826446281,0.5495867768595041,0.5950413223140496,0.6115702479338843,0.5950413223140496,0.5702479338842975,0.6115702479338843,0.5743801652892562,0.5785123966942148,0.6033057851239669,0.6074380165289256,0.5330578512396694,0.6074380165289256,0.5702479338842975,0.5909090909090909,0.5826446280991735,0.5991735537190083,0.6033057851239669,0.6322314049586777,0.5867768595041323,0.5909090909090909,0.6115702479338843
OliveOilTruncEnd,0.9,0.8,0.8333333333333334,0.9333333333333333,0.8666666666666667,0.7,0.9,0.9,0.8,0.8666666666666667,0.8333333333333334,0.7,0.7333333333333333,0.9,0.8,0.9,0.7333333333333333,0.7666666666666667,0.7666666666666667,0.7333333333333333,0.8333333333333334,0.8333333333333334,0.8666666666666667,0.6666666666666666,0.8333333333333334,0.8333333333333334,0.7666666666666667,0.9333333333333333,0.7333333333333333,0.9
PhalangesOutlinesCorrectTruncStart,0.6060606060606061,0.6328671328671329,0.6072261072261073,0.6386946386946387,0.627039627039627,0.6130536130536131,0.6048951048951049,0.634032634032634,0.62004662004662,0.6107226107226107,0.6142191142191142,0.6258741258741258,0.6247086247086248,0.5944055944055944,0.6013986013986014,0.6177156177156177,0.6165501165501166,0.6037296037296037,0.6013986013986014,0.6188811188811189,0.6188811188811189,0.6142191142191142,0.6118881118881119,0.6118881118881119,0.6247086247086248,0.6048951048951049,0.6235431235431236,0.6386946386946387,0.6095571095571095,0.634032634032634
PhonemeTruncStart,0.2552742616033755,0.24630801687763712,0.2510548523206751,0.23681434599156118,0.2510548523206751,0.24314345991561181,0.22679324894514769,0.24578059071729957,0.24841772151898733,0.2489451476793249,0.22257383966244726,0.2568565400843882,0.24630801687763712,0.2289029535864979,0.254746835443038,0.2468354430379747,0.2468354430379747,0.25,0.23048523206751054,0.25,0.24208860759493672,0.26529535864978904,0.26424050632911394,0.24156118143459915,0.22468354430379747,0.23312236286919832,0.2631856540084388,0.2542194092827004,0.26951476793248946,0.23523206751054854
PigAirwayPressureTruncEnd,0.14903846153846154,0.125,0.11057692307692307,0.15384615384615385,0.15865384615384615,0.1201923076923077,0.16346153846153846,0.14423076923076922,0.14903846153846154,0.1346153846153846,0.1875,0.13942307692307693,0.15384615384615385,0.125,0.17307692307692307,0.16826923076923078,0.13942307692307693,0.12980769230769232,0.13942307692307693,0.14903846153846154,0.13942307692307693,0.15384615384615385,0.1346153846153846,0.15865384615384615,0.15384615384615385,0.125,0.15865384615384615,0.16826923076923078,0.14903846153846154,0.125
PigArtPressureTruncEnd,0.9519230769230769,0.9038461538461539,0.9326923076923077,0.875,0.9134615384615384,0.8942307692307693,0.9375,0.9038461538461539,0.9423076923076923,0.9519230769230769,0.8701923076923077,0.9230769230769231,0.9134615384615384,0.9230769230769231,0.9230769230769231,0.8942307692307693,0.9423076923076923,0.9134615384615384,0.9278846153846154,0.9278846153846154,0.9182692307692307,0.9326923076923077,0.9086538461538461,0.9615384615384616,0.9471153846153846,0.9278846153846154,0.9086538461538461,0.8798076923076923,0.8894230769230769,0.9182692307692307
PigCVPTruncEnd,0.5384615384615384,0.5432692307692307,0.5288461538461539,0.5048076923076923,0.5048076923076923,0.5048076923076923,0.5336538461538461,0.6009615384615384,0.5336538461538461,0.6009615384615384,0.5240384615384616,0.5432692307692307,0.5240384615384616,0.5048076923076923,0.5288461538461539,0.4567307692307692,0.5432692307692307,0.5192307692307693,0.5673076923076923,0.4855769230769231,0.5192307692307693,0.5096153846153846,0.5528846153846154,0.47596153846153844,0.5721153846153846,0.5,0.5817307692307693,0.5144230769230769,0.5,0.5817307692307693
PlaneTruncEnd,0.9809523809523809,0.9809523809523809,0.9428571428571428,0.9714285714285714,0.9428571428571428,0.9523809523809523,0.9809523809523809,0.9523809523809523,0.9619047619047619,0.9714285714285714,0.9714285714285714,0.9619047619047619,0.9619047619047619,0.9714285714285714,0.9809523809523809,0.9428571428571428,0.9142857142857143,0.9619047619047619,0.9523809523809523,0.9619047619047619,0.9619047619047619,0.9523809523809523,0.9523809523809523,0.9428571428571428,0.9142857142857143,0.9714285714285714,0.9619047619047619,0.9619047619047619,0.9428571428571428,0.9714285714285714
PowerConsTruncStart,0.6722222222222223,0.6722222222222223,0.6055555555555555,0.6222222222222222,0.6833333333333333,0.5833333333333334,0.6611111111111111,0.6055555555555555,0.6388888888888888,0.6666666666666666,0.6666666666666666,0.6444444444444445,0.7,0.6055555555555555,0.6388888888888888,0.65,0.6833333333333333,0.6888888888888889,0.5833333333333334,0.6111111111111112,0.65,0.6333333333333333,0.6111111111111112,0.6,0.6388888888888888,0.6277777777777778,0.5611111111111111,0.6444444444444445,0.6,0.6222222222222222
ProximalPhalanxOutlineAgeGroupTruncStart,0.6292682926829268,0.624390243902439,0.7365853658536585,0.6390243902439025,0.6634146341463415,0.6341463414634146,0.6926829268292682,0.6097560975609756,0.6682926829268293,0.6536585365853659,0.7024390243902439,0.6926829268292682,0.7317073170731707,0.6585365853658537,0.6878048780487804,0.6682926829268293,0.624390243902439,0.6585365853658537,0.7073170731707317,0.6829268292682927,0.6536585365853659,0.6926829268292682,0.6536585365853659,0.6585365853658537,0.6682926829268293,0.6731707317073171,0.6926829268292682,0.7219512195121951,0.6536585365853659,0.6390243902439025
ProximalPhalanxOutlineCorrectTruncStart,0.6666666666666666,0.6323024054982818,0.6632302405498282,0.6735395189003437,0.6219931271477663,0.6494845360824743,0.6426116838487973,0.6288659793814433,0.6941580756013745,0.6872852233676976,0.6632302405498282,0.6666666666666666,0.6391752577319587,0.6872852233676976,0.6735395189003437,0.6426116838487973,0.6804123711340206,0.6185567010309279,0.6494845360824743,0.6460481099656358,0.6563573883161512,0.6597938144329897,0.6254295532646048,0.5945017182130584,0.6529209621993127,0.6494845360824743,0.6529209621993127,0.6701030927835051,0.6701030927835051,0.6597938144329897
ProximalPhalanxTWTruncStart,0.5658536585365853,0.551219512195122,0.6195121951219512,0.5902439024390244,0.5658536585365853,0.5609756097560976,0.551219512195122,0.6097560975609756,0.5756097560975609,0.5902439024390244,0.5658536585365853,0.5560975609756098,0.5804878048780487,0.5804878048780487,0.5756097560975609,0.5609756097560976,0.624390243902439,0.5219512195121951,0.5658536585365853,0.6585365853658537,0.6097560975609756,0.5902439024390244,0.5707317073170731,0.5365853658536586,0.5756097560975609,0.5902439024390244,0.551219512195122,0.551219512195122,0.5951219512195122,0.5463414634146342
RefrigerationDevicesTruncEnd,0.5493333333333333,0.76,0.76,0.7546666666666667,0.768,0.728,0.7386666666666667,0.7466666666666667,0.7626666666666667,0.728,0.7333333333333333,0.7173333333333334,0.7733333333333333,0.7466666666666667,0.736,0.6933333333333334,0.7226666666666667,0.7226666666666667,0.7253333333333334,0.728,0.7253333333333334,0.7066666666666667,0.7546666666666667,0.7786666666666666,0.7173333333333334,0.7413333333333333,0.7413333333333333,0.7573333333333333,0.7546666666666667,0.712
RockTruncStart,0.68,0.48,0.58,0.6,0.6,0.44,0.5,0.6,0.5,0.6,0.46,0.5,0.4,0.54,0.58,0.58,0.7,0.6,0.5,0.58,0.54,0.44,0.58,0.62,0.62,0.54,0.6,0.68,0.6,0.44
ScreenTypeTruncStart,0.38666666666666666,0.5093333333333333,0.5093333333333333,0.5066666666666667,0.5146666666666667,0.528,0.5173333333333333,0.5333333333333333,0.5146666666666667,0.488,0.44533333333333336,0.4746666666666667,0.5333333333333333,0.5253333333333333,0.4826666666666667,0.47733333333333333,0.5226666666666666,0.49333333333333335,0.49066666666666664,0.5306666666666666,0.504,0.552,0.4693333333333333,0.49066666666666664,0.5093333333333333,0.5226666666666666,0.5173333333333333,0.4826666666666667,0.49066666666666664,0.544
SemgHandGenderCh2TruncEnd,0.865,0.8716666666666667,0.85,0.875,0.86,0.8366666666666667,0.8333333333333334,0.8766666666666667,0.835,0.87,0.8783333333333333,0.8583333333333333,0.8783333333333333,0.88,0.87,0.88,0.8466666666666667,0.855,0.88,0.8416666666666667,0.86,0.83,0.8666666666666667,0.8566666666666667,0.8333333333333334,0.815,0.855,0.845,0.8183333333333334,0.8766666666666667
SemgHandMovementCh2TruncEnd,0.5022222222222222,0.43777777777777777,0.4577777777777778,0.49333333333333335,0.4711111111111111,0.44666666666666666,0.48,0.49333333333333335,0.47333333333333333,0.4955555555555556,0.52,0.4688888888888889,0.48444444444444446,0.41555555555555557,0.5422222222222223,0.45555555555555555,0.45111111111111113,0.5111111111111111,0.41555555555555557,0.4822222222222222,0.5066666666666667,0.4488888888888889,0.48,0.47333333333333333,0.5066666666666667,0.5,0.43555555555555553,0.4488888888888889,0.47555555555555556,0.4888888888888889
SemgHandSubjectCh2TruncEnd,0.72,0.6822222222222222,0.6555555555555556,0.6911111111111111,0.6755555555555556,0.6911111111111111,0.7133333333333334,0.7222222222222222,0.6688888888888889,0.7355555555555555,0.6533333333333333,0.6844444444444444,0.7111111111111111,0.7266666666666667,0.7066666666666667,0.7222222222222222,0.6666666666666666,0.6777777777777778,0.6555555555555556,0.6955555555555556,0.6955555555555556,0.6711111111111111,0.6733333333333333,0.7111111111111111,0.6355555555555555,0.7066666666666667,0.6955555555555556,0.6688888888888889,0.6911111111111111,0.68
ShapeletSimTruncEnd,0.5777777777777777,0.6222222222222222,0.4777777777777778,0.5611111111111111,0.5444444444444444,0.5611111111111111,0.5333333333333333,0.5611111111111111,0.5611111111111111,0.4,0.5111111111111111,0.5722222222222222,0.45555555555555555,0.5222222222222223,0.5277777777777778,0.5388888888888889,0.5722222222222222,0.6166666666666667,0.4666666666666667,0.5555555555555556,0.6166666666666667,0.5111111111111111,0.46111111111111114,0.5666666666666667,0.5222222222222223,0.48333333333333334,0.49444444444444446,0.55,0.4888888888888889,0.5833333333333334
ShapesAllTruncEnd,0.62,0.5933333333333334,0.5983333333333334,0.61,0.5816666666666667,0.5783333333333334,0.58,0.5866666666666667,0.6166666666666667,0.605,0.6066666666666667,0.6133333333333333,0.5716666666666667,0.5566666666666666,0.5716666666666667,0.625,0.595,0.61,0.59,0.5966666666666667,0.615,0.5983333333333334,0.5433333333333333,0.6,0.5966666666666667,0.61,0.5733333333333334,0.5983333333333334,0.5966666666666667,0.6016666666666667
SmallKitchenAppliancesTruncStart,0.648,0.656,0.656,0.6506666666666666,0.624,0.6213333333333333,0.6586666666666666,0.616,0.6533333333333333,0.664,0.6186666666666667,0.656,0.6826666666666666,0.624,0.6426666666666667,0.656,0.64,0.6373333333333333,0.6506666666666666,0.68,0.6293333333333333,0.6426666666666667,0.648,0.632,0.624,0.616,0.6506666666666666,0.64,0.624,0.616
SonyAIBORobotSurface1TruncEnd,0.831946755407654,0.913477537437604,0.8685524126455907,0.940099833610649,0.9051580698835274,0.9234608985024958,0.8801996672212978,0.9118136439267887,0.8968386023294509,0.7920133111480865,0.9151414309484193,0.778702163061564,0.6755407653910149,0.8752079866888519,0.9284525790349417,0.9068219633943427,0.913477537437604,0.8868552412645591,0.9517470881863561,0.8951747088186356,0.940099833610649,0.8618968386023295,0.9284525790349417,0.9317803660565723,0.8801996672212978,0.8236272878535774,0.9484193011647255,0.8685524126455907,0.7703826955074875,0.913477537437604
SonyAIBORobotSurface2TruncEnd,0.8058761804826863,0.7974816369359916,0.8142707240293809,0.7775445960125918,0.8111227701993704,0.7618048268625394,0.8279118572927597,0.8027282266526757,0.7303252885624344,0.7964323189926548,0.8195173137460651,0.8069254984260231,0.8237145855194123,0.7712486883525709,0.8090241343126967,0.8058761804826863,0.832109129066107,0.8079748163693599,0.8247639034627492,0.7953830010493179,0.7534102833158447,0.8593913955928646,0.7901364113326338,0.8289611752360966,0.7618048268625394,0.8656873032528857,0.7775445960125918,0.8436516264428122,0.8405036726128017,0.8772298006295908
StarLightCurvesTruncStart,0.7586206896551724,0.7609276347741623,0.7604419621175328,0.7554638173870811,0.7580135988343856,0.7629917435648373,0.7580135988343856,0.7542496357455075,0.7677270519669742,0.7705196697425934,0.7535211267605634,0.7648130160271976,0.7642059252064108,0.7538853812530355,0.7525497814473046,0.7561923263720253,0.7617775619232637,0.7639630888780962,0.7638416707139388,0.7659057795046139,0.7617775619232637,0.763234579893152,0.7663914521612433,0.7650558523555124,0.7586206896551724,0.7543710539096649,0.7583778533268577,0.7592277804759592,0.7523069451189898,0.7589849441476445
StrawberryTruncEnd,0.9324324324324325,0.927027027027027,0.9540540540540541,0.9486486486486486,0.9216216216216216,0.9243243243243243,0.9324324324324325,0.9486486486486486,0.9216216216216216,0.9513513513513514,0.9459459459459459,0.9216216216216216,0.927027027027027,0.9351351351351351,0.9324324324324325,0.9324324324324325,0.9243243243243243,0.927027027027027,0.9432432432432433,0.9324324324324325,0.9594594594594594,0.9459459459459459,0.9297297297297298,0.9459459459459459,0.9378378378378378,0.9378378378378378,0.9540540540540541,0.9513513513513514,0.9297297297297298,0.9081081081081082
SwedishLeafTruncEnd,0.6992,0.7024,0.7136,0.6784,0.6704,0.6784,0.688,0.6976,0.664,0.6896,0.6992,0.6848,0.6752,0.6816,0.6704,0.7008,0.664,0.6864,0.6896,0.7072,0.6752,0.6816,0.6896,0.696,0.7072,0.6736,0.696,0.6464,0.7088,0.7232
SymbolsTruncEnd,0.6924623115577889,0.7768844221105528,0.6492462311557788,0.6532663316582915,0.7477386934673367,0.6060301507537689,0.7346733668341708,0.6763819095477387,0.6452261306532663,0.6653266331658292,0.7407035175879397,0.721608040201005,0.5899497487437186,0.6572864321608041,0.7597989949748744,0.6,0.7015075376884422,0.749748743718593,0.6904522613065327,0.671356783919598,0.6351758793969849,0.7206030150753768,0.7115577889447237,0.8140703517587939,0.678391959798995,0.7206030150753768,0.6150753768844222,0.6110552763819096,0.7105527638190955,0.6532663316582915
SyntheticControlTruncStart,0.43,0.44666666666666666,0.43,0.43666666666666665,0.42333333333333334,0.4533333333333333,0.48,0.46,0.41,0.41,0.44666666666666666,0.44666666666666666,0.44,0.48,0.4533333333333333,0.42,0.41333333333333333,0.4666666666666667,0.4533333333333333,0.4533333333333333,0.44333333333333336,0.43666666666666665,0.44666666666666666,0.4066666666666667,0.43333333333333335,0.44666666666666666,0.44,0.44,0.47333333333333333,0.43333333333333335
ToeSegmentation1TruncStart,0.6885964912280702,0.75,0.6842105263157895,0.7280701754385965,0.6885964912280702,0.7017543859649122,0.7631578947368421,0.7763157894736842,0.7850877192982456,0.6359649122807017,0.6754385964912281,0.7587719298245614,0.7105263157894737,0.6885964912280702,0.7894736842105263,0.6798245614035088,0.7456140350877193,0.7412280701754386,0.7850877192982456,0.7368421052631579,0.6491228070175439,0.6754385964912281,0.7850877192982456,0.6578947368421053,0.7017543859649122,0.7149122807017544,0.6754385964912281,0.7456140350877193,0.6666666666666666,0.6666666666666666
ToeSegmentation2TruncStart,0.823076923076923,0.823076923076923,0.7692307692307693,0.8076923076923077,0.8307692307692308,0.6076923076923076,0.7461538461538462,0.6846153846153846,0.7846153846153846,0.7692307692307693,0.5769230769230769,0.7230769230769231,0.5615384615384615,0.7615384615384615,0.7307692307692307,0.7461538461538462,0.6307692307692307,0.7769230769230769,0.676923076923077,0.6538461538461539,0.8,0.6307692307692307,0.8153846153846154,0.7153846153846154,0.676923076923077,0.7153846153846154,0.7076923076923077,0.7230769230769231,0.7307692307692307,0.5692307692307692
TraceTruncStart,0.42,0.46,0.37,0.5,0.4,0.41,0.42,0.43,0.45,0.46,0.42,0.5,0.42,0.4,0.42,0.53,0.47,0.31,0.47,0.43,0.42,0.47,0.37,0.46,0.48,0.49,0.49,0.44,0.45,0.34
TwoLeadECGTruncStart,0.6277436347673397,0.5987708516242318,0.6769095697980685,0.5680421422300264,0.5381913959613697,0.5539947322212467,0.6022827041264267,0.5346795434591747,0.5741878841088675,0.5970149253731343,0.5891132572431957,0.6637401229148375,0.5987708516242318,0.5899912203687445,0.5952589991220368,0.5478489903424056,0.5926251097453907,0.5943810359964882,0.6136962247585601,0.6022827041264267,0.5662862159789289,0.607550482879719,0.5539947322212467,0.5847234416154522,0.5215100965759438,0.6005267778753293,0.5961369622475856,0.5961369622475856,0.5636523266022827,0.5575065847234416
TwoPatternsTruncStart,0.3895,0.386,0.381,0.38625,0.3885,0.3835,0.37025,0.39,0.38225,0.37675,0.37575,0.3915,0.38475,0.387,0.3815,0.38125,0.3795,0.3685,0.39075,0.38925,0.38075,0.3885,0.3735,0.371,0.38675,0.393,0.383,0.392,0.3835,0.38175
UMDTruncEnd,0.6458333333333334,0.6180555555555556,0.5694444444444444,0.5416666666666666,0.6319444444444444,0.5694444444444444,0.5625,0.625,0.6111111111111112,0.5972222222222222,0.625,0.6180555555555556,0.5902777777777778,0.6527777777777778,0.6041666666666666,0.6597222222222222,0.6388888888888888,0.5902777777777778,0.5694444444444444,0.5694444444444444,0.6388888888888888,0.5625,0.5972222222222222,0.625,0.6319444444444444,0.625,0.6180555555555556,0.5763888888888888,0.5902777777777778,0.6180555555555556
UWaveGestureLibraryAllTruncEnd,0.6541038525963149,0.6594081518704634,0.6513121161362367,0.6733668341708543,0.6725293132328308,0.6649916247906198,0.6767169179229481,0.6716917922948074,0.6571747627024009,0.678391959798995,0.6649916247906198,0.6781127861529872,0.6705750977107761,0.6624790619765494,0.6742043551088778,0.6666666666666666,0.6638749302065885,0.664712451144612,0.6563372417643775,0.6602456728084869,0.6764377442769403,0.6697375767727527,0.664712451144612,0.6557788944723618,0.678391959798995,0.655499720826354,0.6541038525963149,0.6669458403126745,0.6803461753210497,0.6557788944723618
UWaveGestureLibraryXTruncStart,0.2908989391401452,0.29955332216638747,0.31434952540480177,0.3098827470686767,0.2992741485203797,0.3213288665549972,0.3096035734226689,0.31825795644891125,0.31993299832495814,0.30709101060859856,0.30541596873255167,0.29955332216638747,0.3012283640424344,0.2925739810161921,0.31714126186487995,0.3062534896705751,0.3065326633165829,0.32635399218313793,0.29955332216638747,0.30318257956448913,0.31239530988274705,0.3112786152987158,0.3126744835287549,0.3149078726968174,0.29759910664433276,0.29704075935231716,0.3146286990508096,0.3163037409268565,0.3062534896705751,0.31686208821887213
UWaveGestureLibraryYTruncStart,0.2945281965382468,0.2953657174762702,0.2878280290340592,0.2948073701842546,0.27386934673366836,0.2925739810161921,0.30597431602456726,0.30067001675041877,0.2833612506979341,0.30178671133445,0.3096035734226689,0.2761027359017309,0.29759910664433276,0.2953657174762702,0.29731993299832493,0.2953657174762702,0.28671133445002794,0.3112786152987158,0.2981574539363484,0.2869905080960357,0.3001116694584031,0.27554438860971525,0.2931323283082077,0.30039084310441094,0.29201563372417644,0.29396984924623115,0.30067001675041877,0.2992741485203797,0.29676158570630934,0.28866554997208266
UWaveGestureLibraryZTruncEnd,0.33835845896147404,0.3548297040759352,0.324678950307091,0.34868788386376326,0.3559463986599665,0.3380792853154662,0.3364042434394193,0.33026242322724736,0.344500279173646,0.3380792853154662,0.3417085427135678,0.3573422668900056,0.34142936906756,0.336962590731435,0.3405918481295366,0.3525963149078727,0.3464544946957007,0.33835845896147404,0.33752093802345057,0.32077051926298156,0.3316582914572864,0.34031267448352875,0.3364042434394193,0.35036292573981015,0.353713009491904,0.3316582914572864,0.34142936906756,0.3361250697934115,0.3458961474036851,0.33752093802345057
WaferTruncStart,0.996268656716418,0.9961064243997404,0.9972420506164829,0.9975665152498377,0.9969175859831279,0.995944192083063,0.995295262816353,0.9985399091499026,0.9977287475665152,0.9970798182998053,0.9954574951330305,0.9977287475665152,0.9972420506164829,0.9970798182998053,0.9961064243997404,0.9964308890330954,0.994970798182998,0.9964308890330954,0.9972420506164829,0.9970798182998053,0.9978909798831928,0.9964308890330954,0.9967553536664504,0.9965931213497728,0.996268656716418,0.996268656716418,0.9985399091499026,0.9978909798831928,0.9980532121998702,0.9983776768332252
WineTruncEnd,0.5740740740740741,0.7777777777777778,0.6296296296296297,0.7037037037037037,0.8148148148148148,0.8148148148148148,0.6296296296296297,0.6111111111111112,0.8148148148148148,0.7222222222222222,0.7407407407407407,0.7777777777777778,0.7592592592592593,0.8148148148148148,0.8148148148148148,0.7777777777777778,0.7222222222222222,0.6851851851851852,0.7777777777777778,0.7592592592592593,0.7407407407407407,0.7962962962962963,0.8888888888888888,0.6111111111111112,0.7962962962962963,0.6666666666666666,0.6481481481481481,0.7407407407407407,0.6666666666666666,0.8888888888888888
WordSynonymsTruncEnd,0.3510971786833856,0.32601880877742945,0.3730407523510972,0.3605015673981191,0.3714733542319749,0.3667711598746082,0.34796238244514105,0.3620689655172414,0.3510971786833856,0.35266457680250785,0.3385579937304075,0.36363636363636365,0.36363636363636365,0.3730407523510972,0.35266457680250785,0.3401253918495298,0.3730407523510972,0.3557993730407524,0.34796238244514105,0.33072100313479624,0.35893416927899685,0.3887147335423197,0.34796238244514105,0.35893416927899685,0.3385579937304075,0.35893416927899685,0.3542319749216301,0.34169278996865204,0.3605015673981191,0.36363636363636365
WormsTruncStart,0.6753246753246753,0.6103896103896104,0.6233766233766234,0.5974025974025974,0.5714285714285714,0.6363636363636364,0.5194805194805194,0.6103896103896104,0.6233766233766234,0.5194805194805194,0.5584415584415584,0.6363636363636364,0.6233766233766234,0.5584415584415584,0.5454545454545454,0.5194805194805194,0.5844155844155844,0.5974025974025974,0.5714285714285714,0.5844155844155844,0.5584415584415584,0.6493506493506493,0.5974025974025974,0.5584415584415584,0.5714285714285714,0.6363636363636364,0.6103896103896104,0.45454545454545453,0.5454545454545454,0.5714285714285714
WormsTwoClassTruncEnd,0.6623376623376623,0.6753246753246753,0.6233766233766234,0.6753246753246753,0.7012987012987013,0.7402597402597403,0.6883116883116883,0.7142857142857143,0.7532467532467533,0.7792207792207793,0.6623376623376623,0.6233766233766234,0.6363636363636364,0.6753246753246753,0.7012987012987013,0.6623376623376623,0.6623376623376623,0.7662337662337663,0.7272727272727273,0.7532467532467533,0.6363636363636364,0.6753246753246753,0.7142857142857143,0.6623376623376623,0.6363636363636364,0.7272727272727273,0.6363636363636364,0.6103896103896104,0.7012987012987013,0.6233766233766234
YogaTruncEnd,0.8266666666666667,0.808,0.8683333333333333,0.831,0.81,0.8556666666666667,0.7806666666666666,0.7836666666666666,0.826,0.8206666666666667,0.8246666666666667,0.8336666666666667,0.8026666666666666,0.8316666666666667,0.8036666666666666,0.825,0.851,0.837,0.8176666666666667,0.8263333333333334,0.8476666666666667,0.8026666666666666,0.8323333333333334,0.83,0.8053333333333333,0.7903333333333333,0.8163333333333334,0.8163333333333334,0.8406666666666667,0.827
